<application>
  <component name="FindSettings">
    <option name="caseSensitive" value="true" />
    <option name="customScope" value="Directory 'C:\Users\sndru\AndroidStudioProjects\JUNITTestingExample\lib'" />
    <option name="defaultScopeName" value="Directory 'C:\Users\sndru\AndroidStudioProjects\JUNITTestingExample\lib'" />
    <option name="wholeWordsOnly" value="true" />
    <option name="CASE_SENSITIVE_SEARCH" value="true" />
    <option name="WHOLE_WORDS_ONLY" value="true" />
    <option name="SEARCH_SCOPE" value="Directory 'C:\Users\sndru\AndroidStudioProjects\JUNITTestingExample\lib'" />
  </component>
</application>